Type,Type Comments
900 mm x 2000 mm,
200mm x 150mm,
Concept - Plain Dbl,
Concept - Plain Sgl,
Private - 6.1 Lpf,
1675 mmx915 mm - Private,
510 mmx455 mm,
1100 x 535mm,
1360mm Opening using 907 Leaf,External Single
800 x 2100mm,
900 x 2000mm,Internal Single
600 x 600,
800 mm x 600 mm,
Interior door,
2400 mm x 1400 mm,
1600 mm x 1400 mm,
M_Aluminium window,
2400 mm x 1200 mm,
Interior 900 mm x 2000 mm,
800 mm x 2000 mm,
3000 mm x 1600 mm,
1900 mm x 1400 mm,
W1,
300mm x 150mm,
356x406x634UC,
356x406x551UC,
356x406x467UC,
356x406x393UC,
356x406x340UC,
356x406x287UC,
MC460X86,
MC460X77.2,
MC460X68.2,
MC460X63.5,
MC330X74,
MC330X60,
Lipped Channel 150x50x20x3mm,
TK,
Soft Board Std 2.44X1.22 12mm,
UC152x152x23,
SRC152x152x23,
SRC152x152x30,
SRC152x152x37,
SRC203x203x46,
SRC203x203x52,
SRC203x203x60,
SRC203x203x71,
SRC203x203x86,
SRC254x254x73,
SRC254x254x89,
SRC254x254x107,
SRC254x254x132,
SRC254x254x167,
SRC305x305x97,
SRC305x305x118,
SRC305x305x137,
SRC305x305x158,
SRC305x305x198,
SRC305x305x240,
SRC305x305x283,
SRC356x368x129,
SRC356x368x153,
SRC356x368x177,
SRC356x368x202,
SRC356x406x235,
SRC356x406x287,
SRC356x406x340,
SRC356x406x393,
SRC356x406x467,
SRC356x406x551,
SRC356x406x634,
M_300mm,
M_450mm,
M_600mm,
M_750mm,
M_300 x 450,
M_450 x 600,
M_600 x 750,
300 x 300mm,
450 x 450mm,
600 x 600mm,
750 x 750mm,
300mm,
450mm,
600mm,
750mm,
300 x 450mm,
450 x 600mm,
600 x 750mm,
UB127x76x13,
Handle Domestic (1),
Logo Cramo st√•ende 2000mm x 400mm,
Shipping Container - 20ft,
Family2,
3 lever Mortice Lock,
3 lever lever,
3 lever Mortice lock,
Interior door,
Interior 900 mm x 2000 mm,
Double Reabat door frame,
Complete lock set,
Door panel,
500x600,
Complex door family,
114x114,
Sawn Timber 50x50mm,TEST 1234
